<?xml version ="1.0" encoding="UTF-8"?>
<!DOCTYPE configuration
        PUBLIC "-//mybatis.org//DTD Config 3.0//EN"
        "http://mybatis.org/dtd/mybatis-3-config.dtd">
<configuration>
    <environments default="development">
        <environment id="development">
            <transactionManager type="JDBC"/>
            <dataSource type="POOLED">
                <!-- Ganti dengan driver terbaru -->
                <property name="driver" value="com.mysql.cj.jdbc.Driver"/>
                <!-- URL MySQL terbaru dengan timezone -->
                <property name="url" value="jdbc:mysql://localhost:3306/pp2_user?serverTimezone=UTC"/>
                <property name="username" value="root"/>
                <property name="password" value=""/>
            </dataSource>
        </environment>
    </environments>
    <mappers>
        <mapper class="model.UserMapper"/>
    </mappers>
</configuration>
